Id,Prediction
1,11.671626722515331
2,12.045752530958847
3,12.098791820955746
4,12.144039633302388
5,12.180148851664299
6,12.059689572698302
7,12.12373824264283
8,12.007957020704888
9,12.17706451821757
10,11.678249904876592
11,12.2256807252731
12,11.488647869573876
13,11.497814988386034
14,11.870713825417818
15,11.643797634030502
16,12.794085333390543
17,12.403753542349959
18,12.533619761028062
19,12.551959801317539
20,12.991619959999726
21,12.665970326186354
22,12.20789573442035
23,12.078204609143821
24,12.017792033265545
25,12.068271155799621
26,12.180091883324927
27,12.712473451112464
28,12.306964540854525
29,12.178533991880574
30,12.39117233519796
31,12.170469734307494
32,11.375549826292007
33,12.142172078471326
34,12.46538114391848
35,12.510472524665728
36,12.427354822039812
37,12.035273461810979
38,11.978440266702066
39,11.999959879085068
40,11.914352057527067
41,12.028719127145733
42,11.872354220636844
43,12.595335419494395
44,12.379020682993534
45,12.32312053366335
46,12.192043756396298
47,12.484967240122705
48,12.202019376482713
49,12.014297994527139
50,11.855076721247181
51,11.93677113412246
52,12.085170875157901
53,11.875513909505287
54,12.045039862013716
55,12.172829677592487
56,11.874607592651582
57,11.986447967600487
58,11.724413585293254
59,12.321330882067624
60,11.789633926591634
61,11.786875807362955
62,12.032416022028393
63,11.572939595216878
64,11.649236356225074
65,11.642674357716999
66,11.630570114099331
67,11.522444359778687
68,11.80415924114973
69,11.909728223867154
70,12.1645325374336
71,11.74128536984314
72,11.50494977202881
73,11.947066025993143
74,11.708243150491782
75,11.874561384988942
76,11.645131557667396
77,11.137616156477208
78,11.976143243141331
79,12.093638222105868
80,11.530962056259197
81,11.772481621720814
82,11.861126502247862
83,12.195103998755618
84,11.385198370417934
85,11.686108590603974
86,11.782454276275525
87,11.849883261692678
88,11.778892955606958
89,11.597165171413607
90,11.80215345999406
91,11.572216160808098
92,11.894728221344238
93,11.826860866982486
94,11.67232293329073
95,12.02246910353754
96,11.427354646111052
97,11.50891057501498
98,11.5110955367012
99,11.452206829339303
100,11.766819062830649
101,11.783106311366884
102,11.76053306347241
103,11.651890428952564
104,12.020786853723848
105,11.891800317676948
106,12.397907698426376
107,11.213257782322135
108,12.338731996341895
109,11.77219490707534
110,11.77242527228358
111,11.683656797310642
112,11.869147887157844
113,12.419250831479482
114,11.689106606466696
115,12.312650808620724
116,12.299532658102317
117,12.092110683441478
118,11.815403654873567
119,11.872939833387358
120,12.178032752081982
121,11.953837248215384
122,11.721618369270361
123,12.644828652964144
124,12.332298070577771
125,11.831609170247292
126,11.200341439798926
127,11.492086667623992
128,11.918940542108613
129,11.473495881977007
130,11.78816712356926
131,11.409083971792462
132,11.633589440351077
133,11.688238266656903
134,11.798968621763985
135,11.493970118958151
136,12.2850164057776
137,12.037302201382234
138,12.191323143790163
139,12.074092728278908
140,12.016635013802242
141,11.16275112389917
142,11.654756687557967
143,11.508722551944315
144,12.491842360916086
145,12.417780650433324
146,11.995100999217357
147,12.04519342035581
148,12.226876842895273
149,12.103310877363153
150,11.927124109190455
151,11.767634339191519
152,12.126787819038432
153,12.0042418302473
154,11.780460119522822
155,11.454731661242375
156,11.325728756520261
157,11.467340230808201
158,11.7229000046246
159,11.87772610274952
160,12.110905881119338
161,11.833164418047483
162,11.905857466750762
163,12.44376192241474
164,12.314756765935032
165,11.636329734517973
166,11.99339210199739
167,12.169057030427302
168,12.525913009650221
169,12.05729662584335
170,12.872180274800032
171,12.291038697000312
172,12.404820887158902
173,12.008861805598961
174,12.14314506636267
175,12.06125046746823
176,11.94439994388869
177,12.205033533990779
178,12.192149540610844
179,12.129274393349926
180,12.459514765257397
181,12.109987928341232
182,12.351169629213373
183,12.314763332735136
184,12.344851839842784
185,12.334978626314832
186,11.914040605577464
187,11.919289966547629
188,11.741477059627908
189,11.84108650467156
190,11.663729308231478
191,11.6633079297406
192,11.49435094272408
193,11.542970017759938
194,11.876004573934532
195,11.858574139497643
196,11.83579406139085
197,11.828213378237653
198,11.85394827646838
199,11.703277793751704
200,11.897747284339085
201,12.947675846631222
202,12.837512546960681
203,12.838558763610566
204,13.037706437502992
205,12.57006773721888
206,12.709492607759008
207,12.714111656242435
208,12.727729850108881
209,12.585126426109827
210,12.707767142204148
211,12.478457085979972
212,12.880790400870394
213,12.603612194114476
214,12.384738925198576
215,12.177803192037361
216,12.172480934136615
217,12.229660769214725
218,13.024421204355846
219,12.859581134526541
220,12.717838703422615
221,12.338031635396014
222,12.630815658414212
223,12.127799248929039
224,12.093686378121237
225,12.072418832243867
226,12.042667826434304
227,12.01298323036062
228,12.162346636951158
229,12.17479478282048
230,12.164549748533933
231,12.092420040953007
232,12.416584971951012
233,12.042322390481782
234,12.096211380740932
235,11.990739393236787
236,12.47226532890435
237,12.021068173139481
238,12.702140812375873
239,12.548340529922775
240,12.351554424531884
241,12.448797028072537
242,12.42401531638104
243,12.392909246346276
244,12.586926845212226
245,12.395442700157835
246,12.928021058329369
247,12.31249213081833
248,12.251549171620551
249,12.502862444863032
250,12.312866939462895
251,12.462393520696194
252,12.508449360741512
253,12.522215285331587
254,12.37462176239984
255,12.220771478108723
256,12.110229519920763
257,12.083483162185564
258,11.77287527897824
259,12.23179179652033
260,12.373898839575231
261,11.986722699355665
262,11.718006414022497
263,11.979348642502794
264,12.215766097125895
265,12.331493546426774
266,12.153040487029633
267,11.927607559763915
268,12.075311192002147
269,11.942270859929097
270,11.883230425574272
271,11.747886677347994
272,11.76614688922014
273,11.607519446089306
274,11.679578986165843
275,11.770521852208326
276,11.656567595043967
277,12.638947040285593
278,12.251898051625266
279,12.552413345273715
280,12.30952648578549
281,12.122221121444332
282,11.974548576120874
283,12.04617310251593
284,12.62426324273693
285,12.23535450926595
286,12.085292801761604
287,12.301061354953346
288,12.424269197520136
289,11.88106166950809
290,11.81023297474232
291,12.433392278117486
292,11.67489553066331
293,11.897398826881753
294,12.185025514114708
295,11.992089401837182
296,11.926667703460867
297,11.732770938762966
298,11.80671735608841
299,11.927915009934246
300,11.983261763066992
301,11.927651436178005
302,12.103644012913204
303,12.070200000095447
304,11.62467177048688
305,12.003792804081057
306,12.155460008533804
307,12.314360703943299
308,11.845820855137847
309,12.017693812338365
310,11.95464684428521
311,11.71358479207171
312,11.754013307758697
313,11.738077531245265
314,11.86040709374177
315,11.845168727336379
316,11.757303203323637
317,11.602231378855599
318,11.84882048757379
319,11.598758470568876
320,11.971315554045871
321,11.734912466504058
322,11.386769914260261
323,11.838171518283113
324,11.569679957475651
325,11.690163778415103
326,12.154241537365296
327,11.983790008112958
328,11.080976559993417
329,11.46460469508693
330,11.331604071190563
331,12.151072164749404
332,11.970394009017836
333,11.767634097679448
334,11.92338223414094
335,11.749970093659337
336,11.725785343912213
337,11.77880698512312
338,11.691705836023806
339,11.682677870374402
340,11.745955458768695
341,11.796082545465058
342,11.832510576003212
343,11.898725254303352
344,11.847298906018024
345,11.837399955881725
346,11.734579482410538
347,11.793826827706335
348,11.630411651895376
349,11.612494403210889
350,11.864104539018001
351,11.446769385486897
352,11.399586411594973
353,11.692528186736336
354,11.389004921207519
355,11.084691733310729
356,11.491218163874187
357,11.520162079217785
358,11.90595061286505
359,11.725867199807277
360,11.227941898324051
361,11.70397120501014
362,11.937346861055953
363,10.958818284496617
364,11.765117466514043
365,11.796196917259168
366,11.548429538231122
367,11.518532068930183
368,11.860809570112295
369,11.718609078251225
370,11.884135497547017
371,11.857296929627394
372,11.48112357534797
373,11.827549967818237
374,11.681615085456674
375,11.782319092703768
376,11.72956415628682
377,11.463862671102296
378,11.760347883636113
379,11.616725603153233
380,11.991387094424821
381,11.868341692200607
382,11.442388328978629
383,11.80135358307406
384,11.779789452597585
385,11.816229455621913
386,11.88506606206195
387,11.978373052459931
388,10.97050680299975
389,11.516564651463066
390,11.60620514319352
391,11.948009274778352
392,11.68699807129871
393,11.753723365716027
394,12.017551216835923
395,11.908374055619777
396,12.298020650713292
397,11.860390046514597
398,11.758719477272495
399,11.593948995026677
400,11.930786168430688
401,11.596401014018024
402,12.375928729614637
403,12.349297817834039
404,12.3493797937612
405,12.79972812020733
406,12.718679762738567
407,12.357843201476912
408,12.638472845167707
409,12.250743278240709
410,12.334193767221384
411,12.427488548353223
412,12.06775592427992
413,12.42214370832774
414,11.933244195961793
415,12.25308601814726
416,12.151946828184652
417,12.294092692775132
418,12.280422255172539
419,11.769139164275442
420,11.779024716607942
421,12.503666692791121
422,12.441518853786187
423,12.154616603778656
424,12.204676749981715
425,12.405898674382195
426,12.591724902061205
427,12.301446289579482
428,12.53360095530973
429,12.021843379674037
430,11.70144175987609
431,11.772882323145282
432,11.519787351461162
433,11.726899396630763
434,11.807282365887216
435,11.751355914021778
436,11.758010311463638
437,11.759301280260818
438,11.72053292151255
439,11.928115373091968
440,11.950702259349718
441,11.93197190895283
442,11.900733960053499
443,12.27301860517376
444,11.81941037278808
445,12.125611443494044
446,11.883531731514804
447,12.232260076883893
448,11.58332601762312
449,11.771020631705007
450,11.709662147377127
451,12.10785583867591
452,12.634741292753272
453,11.974032077783628
454,11.25781677631241
455,12.719280947221865
456,11.18286234899009
457,12.450875709914904
458,11.820096911326125
459,12.127136996615778
460,12.010185284566967
461,12.85694182201885
462,12.669824788151802
463,12.298953580542088
464,12.37822575926734
465,12.260978554501015
466,12.908301859945176
467,11.772988851271041
468,11.938627555030168
469,11.793038893277767
470,11.813218606880518
471,11.868955562169841
472,11.842967490548862
473,12.04472685222772
474,12.11363573556051
475,12.034692640488947
476,12.186383941517924
477,12.131940207098172
478,12.0830501820516
479,12.422927126478614
480,12.177639690271786
481,12.068156457657825
482,12.090986963661907
483,12.24626314863863
484,12.729551156728718
485,12.87025244553498
486,11.897270053866288
487,12.663089977032415
488,12.10667804722704
489,12.413449268710274
490,12.112883562068394
491,12.484754649617186
492,12.208591429869653
493,12.147116768624882
494,12.133178827441347
495,11.796165952065333
496,12.554802195754414
497,11.85798443862517
498,12.547009203835096
499,11.85695611310455
500,11.60169189646167
501,11.731198859709053
502,11.489526167182987
503,11.569199611233111
504,11.599375069164166
505,11.908277035809045
506,11.81027642623309
507,12.584988896616748
508,12.863746356950802
509,12.827588698520582
510,12.894618172856799
511,12.985674273231513
512,12.82161327513643
513,12.493999642940171
514,12.612398530038528
515,13.012878258764227
516,12.519870146130236
517,12.791557463093959
518,12.771522674630157
519,12.680186212639265
520,12.163293138774101
521,12.75897427025751
522,12.280375244336417
523,12.195235680119922
524,11.979864667318122
525,12.352977109380923
526,12.267849013545328
527,12.0858198618268
528,12.093595338776266
529,12.17440662383419
530,12.266570840191592
531,12.328689229683423
532,12.3139900567806
533,12.018483318502387
534,12.3843192701168
535,12.14336042754147
536,12.46907244333315
537,12.611956716059705
538,12.681135590935622
539,12.476595663317507
540,12.644296303810034
541,12.42111348194368
542,12.378381828424839
543,12.500097003642182
544,12.567047568751743
545,12.333657489240453
546,12.335975595372453
547,12.436177622595949
548,12.301929545300633
549,12.16334310933924
550,12.16406129628779
551,11.789270379013644
552,12.039782263366979
553,12.038154310610732
554,12.078923315516542
555,12.145406038839418
556,12.157395673482297
557,12.11790818975764
558,11.757868461696109
559,11.786877203263412
560,11.549632018601189
561,11.595295496894579
562,12.05725758603004
563,11.825809263107452
564,12.449463986879639
565,12.789442073143762
566,12.100490936618959
567,11.96475367268214
568,11.90824565243741
569,11.997591923079703
570,12.532917299313317
571,12.370252240327991
572,12.455968963975677
573,12.477809409302983
574,12.009145373134844
575,12.252312392547012
576,12.194990974103598
577,12.221109934348497
578,12.60246830599641
579,12.334924883293853
580,12.618745519498257
581,12.447557795467054
582,12.228462206639113
583,12.130543853489055
584,12.112906789003718
585,12.274259247725663
586,11.829714724329715
587,11.899566873524742
588,11.828426803074006
589,11.840395276645165
590,12.091423806724459
591,11.54258046740944
592,11.71631291791467
593,11.918381607338327
594,11.547922030373249
595,11.952319674264903
596,11.894976042594328
597,11.648700905802482
598,12.27398754776966
599,11.786080659544222
600,12.10972472417182
601,12.011828271262232
602,11.771775412865578
603,11.613673264706875
604,11.8265545073101
605,11.658706513864827
606,11.963321946697084
607,11.72319856589275
608,11.854955554799066
609,11.315369830457351
610,11.597817829049209
611,11.470097226609488
612,11.79229729558347
613,11.766116437084323
614,12.06420317750809
615,11.84662797964316
616,11.675103913642506
617,11.962881215900255
618,11.735937569899464
619,11.756030618329726
620,11.664367640817536
621,11.755299288904418
622,11.830150196168773
623,11.831596718106606
624,11.596506328780572
625,11.652312322730788
626,11.726387821954223
627,11.680479581408848
628,11.430977106152296
629,11.299052064131413
630,11.77578170358844
631,11.49635037988119
632,11.672069404054877
633,11.6151269155241
634,11.518969142220007
635,11.86327064070577
636,11.362341904329963
637,11.486459769042913
638,11.821338140791802
639,11.044464937578448
640,11.380825030344589
641,11.608113682714425
642,11.77652298594648
643,11.455274656033271
644,11.82831520063042
645,11.692866070175123
646,11.120662349222195
647,12.245839890572505
648,11.576323814349127
649,11.547631308929947
650,11.725731230589904
651,11.866587178145226
652,11.823072914613979
653,11.666110465275063
654,11.750377323676124
655,11.96536105996466
656,11.680037328454475
657,11.844911138248413
658,11.663489379475916
659,11.696181383671684
660,11.64246777596625
661,11.462677448856654
662,11.699338406009835
663,11.342600886028123
664,11.974613518398805
665,11.806981803439916
666,11.915960316008139
667,11.981878635171272
668,11.778582011783737
669,11.393418225247038
670,11.836278204887849
671,12.061951525576017
672,11.613377356567977
673,11.64158362151408
674,11.71503563763557
675,11.433975361296925
676,11.329580712007965
677,11.595675112307067
678,11.813386870738022
679,11.85510457119506
680,11.877820466439216
681,11.915420351416032
682,11.725893610012442
683,11.930904853877895
684,11.72668029088897
685,11.824443893353337
686,11.955838807281692
687,11.8714786945161
688,11.75915080960278
689,11.936854477797564
690,12.329374841444979
691,11.586671692494935
692,12.023674362209945
693,12.135680495456086
694,11.534851056018217
695,11.827346173253485
696,12.413049543084078
697,12.358562241170498
698,12.352796275377552
699,12.255096517468111
700,12.087994276280916
701,12.402866049680611
702,12.903888412242031
703,12.800665575549464
704,12.41399614391715
705,12.197035663254901
706,11.94581748852188
707,12.29756276808123
708,12.14641214684154
709,12.151035570759534
710,12.140282491392789
711,11.860616943733456
712,11.799467086909706
713,12.003085258472915
714,12.362167403556324
715,12.571660323414836
716,12.638548026228172
717,12.44130989837981
718,12.248541987137058
719,11.788956686723882
720,12.32523449329823
721,12.15467331992413
722,12.292467911830961
723,12.194700686191503
724,11.721339807954811
725,11.713022778185534
726,11.821264790438375
727,11.947641021335109
728,11.929872484528547
729,12.357759261448793
730,11.264034294990909
731,11.23653116633287
732,11.346802460760191
733,11.47784299136743
734,11.635240851671524
735,11.570739969995438
736,11.609337127471974
737,11.681926290045405
738,11.949687940085184
739,12.093122840933864
740,11.86137919654869
741,11.767343330978228
742,12.167507384950603
743,11.829796878949303
744,12.03017310940626
745,11.651995984235946
746,11.779632131818987
747,12.288694506473412
748,12.403718802229228
749,12.360972840119418
750,11.688721054877053
751,11.63669912467258
752,11.662188821838647
753,11.583226080809379
754,11.804099875185916
755,11.50107147718574
756,11.868258523867032
757,11.197538413317078
758,11.457654750751542
759,11.344184048569717
760,11.43146773661102
761,12.733912613563728
762,12.492715755471329
763,12.59552605606724
764,12.263132111777649
765,11.73498114833342
766,12.172096416456094
767,12.201165427033493
768,12.557967066029127
769,12.457139968227231
770,11.905230914822669
771,12.26253665199664
772,12.065090022326794
773,12.092827731818694
774,12.423599317797033
775,12.38618003267851
776,12.548315106832277
777,12.688221121128162
778,12.207810160333667
779,11.575682342073861
780,11.996321427166354
781,11.993301314467546
782,11.759424046244822
783,11.780804825601521
784,11.598082015761767
785,11.625510551395639
786,11.82674933461781
787,11.691530453533279
788,11.678792574486938
789,11.720720992789458
790,11.753453067573812
791,11.773787095116372
792,12.112872756413214
793,11.958402412298266
794,12.042032241084057
795,12.141696221425466
796,12.071215228705928
797,12.302004355530284
798,11.992411606766245
799,12.098944489024902
800,11.87577548192002
801,12.127510720422057
802,12.26406794492843
803,12.739371393907172
804,12.992712451034503
805,12.086082007829658
806,12.607718208519593
807,12.838149199535435
808,12.936709007032468
809,11.937888166063926
810,12.15313544398502
811,12.313400184068843
812,12.20598206043435
813,11.995514006117359
814,12.095088755354904
815,11.967475214193845
816,12.15399100054502
817,12.149729774451908
818,11.859830120948622
819,11.763647739645616
820,11.660904010783554
821,12.046048802230947
822,12.169215215966819
823,11.595575099344083
824,11.658098778369908
825,11.851437001035693
826,11.731370838702684
827,12.808822400201999
828,12.545979078234533
829,12.850765705973679
830,13.011883856927975
831,12.66898858505676
832,12.965637712701438
833,13.055719887401578
834,12.863580355261986
835,13.056512812072171
836,12.560075656969683
837,12.65589621070806
838,12.732358413524297
839,12.802619751979387
840,12.648472976078493
841,12.537224120757603
842,12.438553190577537
843,12.363523399538888
844,12.415990024713295
845,12.208926473641963
846,12.157385830242728
847,12.180614515611536
848,12.33564720075844
849,12.523510779142624
850,12.256978741843273
851,12.209126485999107
852,12.052585174398523
853,12.036500245668034
854,12.032266155729774
855,12.084682268224082
856,12.122054917638112
857,12.1691682733233
858,12.103766558106598
859,12.106174312011069
860,12.137239228758833
861,12.42297766826917
862,12.136633170010931
863,12.159984143183303
864,12.05435776750882
865,12.313018892399924
866,12.054804556083331
867,12.237192881169168
868,12.296160762535447
869,12.14859057792731
870,12.112256056315575
871,12.790906722825873
872,12.854663341808612
873,12.632538291776559
874,12.409868975077503
875,12.479810530294257
876,12.61411465174705
877,12.22502860658753
878,12.485043854167989
879,12.283631248639697
880,12.95142870614588
881,12.34833632142471
882,12.402921002040333
883,12.350967987087309
884,12.284364607374783
885,12.372954626887692
886,12.32364621311975
887,12.24445849387926
888,12.417596195132658
889,12.0706363972459
890,12.600191173090547
891,12.472585036206178
892,12.399728028690204
893,12.467340237484722
894,11.777000586580458
895,11.850281215855473
896,11.897462787643477
897,12.155136791378313
898,12.143573819495456
899,11.755427252355977
900,11.63344142002761
901,11.886525122458938
902,12.503100352875466
903,11.753991858918686
904,12.001901788836047
905,12.365650110676217
906,12.15789764036642
907,12.315300122852511
908,12.350386325139286
909,12.311240972147255
910,11.996648827244188
911,11.961142274989491
912,12.184611728581924
913,12.518948441618507
914,12.687473083763955
915,12.418612217652857
916,12.61026752738319
917,12.80559917913248
918,11.8844059428816
919,12.249943353014434
920,11.947197327587343
921,12.078832160452738
922,12.268061537726949
923,12.231831375018128
924,12.412421351763228
925,12.00615308464359
926,11.7896645204064
927,11.808565359326339
928,11.513572012586089
929,11.661661931052164
930,11.832187163540262
931,11.787200758080793
932,11.6404904135112
933,11.950738357943035
934,11.820284036424617
935,12.247332701389674
936,11.847048395845139
937,12.273489086641305
938,11.82274143636353
939,11.09367265972182
940,11.137298906618998
941,11.700860727302587
942,11.813226422768151
943,11.793669534604996
944,11.860698565503649
945,11.940066248007438
946,11.903168834049032
947,11.779249227456466
948,11.89964888209297
949,11.694120375265948
950,12.124374547915519
951,11.580486768154257
952,11.943203314423391
953,11.766703541598265
954,11.88805445299091
955,11.721764988324619
956,11.669712789447322
957,11.847581452615076
958,11.795177526227667
959,11.767272603929149
960,11.706612193827578
961,12.034029604994938
962,11.609718546451239
963,11.552779042157972
964,11.941917346481212
965,12.333221766993127
966,11.83358531175886
967,11.732710564475788
968,12.040334915987446
969,11.633702395423274
970,11.793747287752584
971,11.622716161660051
972,11.901822975531086
973,11.857350813760318
974,11.862898028946876
975,11.958217853799916
976,11.605346091752079
977,11.611937314017156
978,11.707931980761868
979,11.535704023081186
980,11.682170366064234
981,11.467925887107187
982,11.508019366247296
983,11.723849643800174
984,11.770040356908849
985,11.44026863433987
986,11.91893468141208
987,12.06491457755507
988,11.862183840158746
989,11.649186401556673
990,11.90362457180006
991,11.752797092238566
992,12.210474166486271
993,11.42583494626147
994,11.710940220725423
995,11.743643871093553
996,11.789583940274463
997,11.747958601567852
998,11.810223697937673
999,11.607436278758689
1000,11.762953580622446
1001,11.768168005686746
1002,11.778587525422612
1003,11.66547450052499
1004,12.111403080276698
1005,11.796965251819767
1006,11.669844472766997
1007,11.762466712464242
1008,11.41699281056126
1009,11.323062024900436
1010,12.172423113847344
1011,12.259538020002964
1012,11.9885849243046
1013,11.700334829855
1014,11.375782535752425
1015,12.279700638765059
1016,11.589479086432469
1017,11.73060107849483
1018,11.904400567165505
1019,11.55495539443515
1020,11.94224914945044
1021,11.761582622890087
1022,11.719532777635676
1023,11.600292581160481
1024,11.682339182877296
1025,11.736485532721662
1026,11.88191203784647
1027,12.162639543007494
1028,12.019332893022973
1029,11.856274313019586
1030,11.90290638779361
1031,11.487956687691122
1032,12.154835225175336
1033,11.880748188685374
1034,11.877565943551556
1035,11.342206465244109
1036,12.408148016810111
1037,11.909825940234787
1038,11.632123719610831
1039,11.362651557665577
1040,11.736797993591008
1041,11.81962283702227
1042,11.876680988155789
1043,11.54617282758394
1044,12.208568723233052
1045,12.27439477482699
1046,12.490070020716589
1047,12.630081662383784
1048,12.500744133860753
1049,12.292848867398407
1050,12.287040957088145
1051,12.086970546743796
1052,12.242870650625198
1053,12.260841171104632
1054,12.430698983035628
1055,11.874060323878268
1056,12.04500149530607
1057,11.916474707934109
1058,11.939761212747445
1059,12.34893223604888
1060,12.230744026310711
1061,12.135257016295881
1062,12.274760978138241
1063,11.712103351245489
1064,11.788347473167677
1065,11.848979854974612
1066,11.827982108187959
1067,11.726479080582692
1068,11.738130258920604
1069,11.821786427468007
1070,11.738388942551293
1071,12.455816387330037
1072,12.317779733734367
1073,12.172085327573317
1074,12.411679783630737
1075,12.59195328645523
1076,12.336984295126333
1077,12.359855362243037
1078,12.127600652919051
1079,12.190418980331325
1080,12.111044963735354
1081,12.092370519154542
1082,11.99359316884113
1083,11.733292342591545
1084,11.669628918390403
1085,11.728038265480723
1086,11.664410217955727
1087,11.864391711773402
1088,11.898503151855985
1089,12.000299829061108
1090,12.185750385897249
1091,11.833649832949478
1092,11.79869270083703
1093,11.219071766267678
1094,11.497322937351445
1095,11.716505022757813
1096,11.475852543553204
1097,11.583617834254934
1098,11.954240843556185
1099,11.77172069547725
1100,11.930694119738881
1101,11.875797368349073
1102,11.818846294072479
1103,11.893867585821928
1104,12.180490357042345
1105,11.797252357116474
1106,11.956878114084581
1107,11.782431389355082
1108,12.209947456804906
1109,12.27472836542966
1110,11.683325804872743
1111,12.13770749263342
1112,11.891512440794317
1113,12.285610869062094
1114,12.539876317291188
1115,11.75807642579072
1116,11.685637614332967
1117,11.745798099562958
1118,11.435240439606131
1119,11.209166691027523
1120,11.619363529931446
1121,11.835664208903287
1122,11.78488320436429
1123,12.548439644013751
1124,12.055418689368834
1125,12.15931303422124
1126,12.324237167794015
1127,12.246631006994761
1128,11.941536451580054
1129,11.92617174371789
1130,12.292441913691114
1131,12.308756244730441
1132,12.325172268374839
1133,12.500349461345662
1134,12.043798118732335
1135,12.135321862508064
1136,12.621066102489696
1137,12.153892025272098
1138,12.511968413693433
1139,12.773287564565834
1140,12.180368993624793
1141,11.976534990947131
1142,11.407651000879836
1143,11.512042732001056
1144,11.412887993155179
1145,11.382360539766664
1146,11.899499303404797
1147,12.270662560582736
1148,12.28178123580774
1149,12.046610156784139
1150,11.59799296881268
1151,11.794572375638321
1152,12.021613358830281
1153,11.805419444053376
1154,11.769365483266627
1155,11.919552703441816
1156,11.91502125992113
1157,12.127810551105163
1158,12.294428156182024
1159,12.223350493030303
1160,12.073843377947417
1161,12.068925578630335
1162,12.122009755054645
1163,12.40377121730316
1164,12.702776184873782
1165,12.574913618837352
1166,12.032410478005572
1167,11.963942441064882
1168,13.00046090194867
1169,13.066154704829108
1170,12.786404682900685
1171,13.028600990595807
1172,12.937163752233845
1173,12.680328122130613
1174,12.911683335795525
1175,11.97490730370685
1176,12.07364157801018
1177,12.079748214873485
1178,12.470282447095968
1179,12.115359501761121
1180,11.868506304271982
1181,11.604519126239964
1182,12.202945962904739
1183,11.576941217883789
1184,11.686284989660766
1185,11.626934464222574
1186,11.482791765400176
1187,11.607249298507039
1188,11.895382973670529
1189,11.926433997959311
1190,11.842689896698717
1191,11.863510496325938
1192,12.886905133603806
1193,12.374672116578768
1194,12.445730992701929
1195,12.89342502670039
1196,12.676417875701983
1197,12.797060170326855
1198,12.618042892021123
1199,12.604084194185734
1200,12.784363657404581
1201,12.790051626172477
1202,12.791918091780127
1203,12.528096939991968
1204,12.465659281232973
1205,12.702341865702254
1206,12.569595827379123
1207,12.068263174204048
1208,12.130844238188333
1209,12.13432470116576
1210,12.562610190437512
1211,12.156136926132618
1212,12.219649118704089
1213,12.238838984952665
1214,12.224353355364002
1215,12.063840414992956
1216,12.178164314827104
1217,12.22800606792978
1218,12.445875704893405
1219,12.410150755371452
1220,12.48987158152287
1221,12.821155646938001
1222,12.644533196922083
1223,12.72908947626545
1224,12.59969219108885
1225,12.528453616134723
1226,12.462305551907262
1227,12.632905884018836
1228,12.273345227673158
1229,12.250657903058906
1230,12.908107428722497
1231,12.130685623719499
1232,11.722534619313667
1233,12.223852638172685
1234,11.773805510658468
1235,12.141552066232808
1236,12.071321568727342
1237,12.130212806160758
1238,12.120669760286411
1239,12.100450424827077
1240,11.93285727845652
1241,11.916379655164627
1242,11.588073718987648
1243,11.680924222306324
1244,11.807816369405177
1245,11.654526482798163
1246,11.629626074716716
1247,11.712514102165496
1248,11.77704828833656
1249,11.502279703361696
1250,11.734720497775
1251,12.395896906748524
1252,12.758860391819802
1253,12.071723948042983
1254,11.911098292448784
1255,11.922028521054912
1256,11.837111331969773
1257,12.20124596897429
1258,12.373683238218575
1259,11.939378819016408
1260,12.11439314663618
1261,11.806044545204148
1262,11.994899859433733
1263,11.882335398033131
1264,11.78210222930682
1265,11.773023316807683
1266,11.950066402797002
1267,12.131710648594325
1268,12.047978138176278
1269,11.909745252063733
1270,11.869157077854918
1271,11.782287042921121
1272,11.744255281879353
1273,11.919691192941196
1274,11.85317948842875
1275,11.800786732960315
1276,11.866356606812154
1277,11.634921032453473
1278,11.7731805372872
1279,12.002983304924413
1280,11.792035001123384
1281,11.861958692292877
1282,11.962032304100589
1283,11.93937219037263
1284,11.980594221042537
1285,11.891261191730571
1286,11.798476923884678
1287,11.830628957103063
1288,11.718009815837124
1289,11.816736218158734
1290,11.852209428725025
1291,11.82449289811624
1292,12.166000747738613
1293,11.9608132798318
1294,12.318498554331097
1295,11.795551866212891
1296,11.496551407398696
1297,11.254370368460911
1298,11.439415780297246
1299,11.969158222878278
1300,11.721852715203957
1301,11.82638715208317
1302,11.86287571331514
1303,12.13625616538279
1304,11.841402889253699
1305,12.589372125968705
1306,11.757545109228317
1307,11.385977261334002
1308,11.747232313193882
1309,11.819810071950446
1310,11.863515608777167
1311,11.609006159772001
1312,11.598576889612644
1313,12.028082276746792
1314,11.785011008856557
1315,11.738194113471287
1316,11.810687382776374
1317,11.852265647962627
1318,11.632601336007847
1319,11.661131313609381
1320,11.498379949590838
1321,11.486127299544739
1322,11.51794269205228
1323,11.539556770275558
1324,11.69550308277763
1325,11.873102081902315
1326,11.173647281405028
1327,11.671732990632306
1328,11.252956773412574
1329,12.092397247082607
1330,11.550966541627053
1331,11.656249368738429
1332,11.162194290852998
1333,11.977820838559996
1334,11.521891520482557
1335,11.662877178225516
1336,11.446989537478688
1337,12.239019315527614
1338,11.652000580179664
1339,11.627010368672199
1340,11.161411825939192
1341,11.559132421024746
1342,11.698707268938989
1343,11.921774100490635
1344,11.759762063454955
1345,11.546943486937023
1346,11.330724795123063
1347,12.031618808939484
1348,11.858232362062552
1349,11.738795643225695
1350,11.759480906717311
1351,11.995935373275547
1352,11.987024001165937
1353,11.96193047498492
1354,11.933286579293597
1355,11.476352201126577
1356,12.349635265952612
1357,11.936280133342956
1358,11.78212154523571
1359,12.061537756686906
1360,11.805174628195003
1361,11.624366634056264
1362,12.211937952779115
1363,12.664088329905283
1364,12.092163865109281
1365,11.917963058162862
1366,11.75696261741291
1367,11.894319753850477
1368,12.330519664048888
1369,12.230789155915827
1370,12.370657691553102
1371,12.112394375048275
1372,12.494454066961815
1373,12.627578809443648
1374,12.304133026364523
1375,12.305172868812324
1376,12.135255784245889
1377,12.060102526242943
1378,11.90191151042526
1379,12.056168734621881
1380,12.240377071716424
1381,12.205478142017885
1382,12.34015870722334
1383,11.916957939392292
1384,12.0191563572944
1385,11.737220686559567
1386,12.192966040738641
1387,12.180505657120753
1388,12.287127192858014
1389,12.234450464766624
1390,12.532142966786731
1391,12.303069589343734
1392,12.294759216474095
1393,12.34848165311364
1394,11.830415344069548
1395,12.264394014260258
1396,12.23255834732492
1397,12.117478930862287
1398,12.290283396059538
1399,11.656612478863638
1400,11.857339170960227
1401,11.81345391893012
1402,12.179516542485288
1403,11.655737396376898
1404,12.435618844137162
1405,11.878280108630214
1406,11.875369132222382
1407,11.48439010135767
1408,11.528679759449096
1409,11.631411319185643
1410,11.711365951420959
1411,11.565652315056425
1412,10.978508454884777
1413,11.491273982665604
1414,11.82919162556881
1415,11.69119477373211
1416,12.029251726406924
1417,11.918700808393256
1418,12.086173855953566
1419,11.841353223025664
1420,11.59250767200825
1421,11.898315878115982
1422,12.041237814711009
1423,12.114572288756202
1424,12.209939419138605
1425,12.108002158422803
1426,12.395419450570532
1427,11.501171740414756
1428,11.812438318816852
1429,10.939841394555561
1430,11.331710687439738
1431,11.806277645346158
1432,11.078636677972202
1433,11.519193781032433
1434,11.102532232610253
1435,12.68306476090373
1436,12.529675828478094
1437,12.226279799122322
1438,11.877261511954988
1439,12.283812502344121
1440,11.959995240098706
1441,12.31334002346707
1442,12.179950705481275
1443,12.747137220752649
1444,12.76803816991433
1445,11.492653089510796
1446,12.183305952327961
1447,11.645712510835093
1448,11.8207399901245
1449,11.884991305614156
1450,11.33685721246155
1451,11.399804209129396
1452,11.901704286138074
1453,11.470011397002756
1454,11.310998914320372
1455,11.442607388409197
1456,11.428142422525223
1457,12.037997242929016
1458,11.61932648315966
1459,12.354050959632689
